finished_utc,part,max_slope_deg,metrics_version,worst_effective_deg,unsupported_near_overhangs,max_tilt_used_deg,printable,runtime_s,machine,overhang_aware
2026-09-23T08:06:21+00:00,twin_domes_s,15,2,nan,nan,8.65,False,2464,,
2026-09-23T08:58:55+00:00,ramp45_s,30,2,51.29,0.0312,6.30,False,3142,,
2026-09-23T09:55:40+00:00,ramp50_s,30,2,67.14,0.0841,17.14,False,3392,,
2026-09-23T10:45:42+00:00,ramp60_s,30,2,89.65,0.2676,29.65,False,2989,,
2026-09-23T11:43:05+00:00,ramp70_s,30,2,90.00,0.2689,20.63,False,3429,,
2026-09-23T13:37:25+00:00,ramp80_s,30,2,89.99,0.2485,14.61,False,4174,,
2026-09-23T15:05:10+00:00,ramp90_s,30,2,89.98,0.2550,11.89,False,5251,,
2026-09-23T15:35:10+00:00,tshape_s,30,2,90.00,0.2448,10.20,False,1789,,
2026-09-23T16:06:03+00:00,twin_domes_s,30,2,nan,nan,22.75,False,1842,,
2026-09-27T11:02:53+00:00,ramp45_xs,7,2,45.00,0.0024,0.61,True,872,cad-p07-2065-9,
2026-09-27T11:13:43+00:00,ramp50_xs,7,2,50.00,0.0332,0.62,False,566,cad-p07-2065-9,
2026-09-27T11:14:09+00:00,ramp70_xs,7,2,70.00,0.0855,0.61,False,596,cad-p07-2065-9,
2026-09-27T11:17:05+00:00,ramp60_xs,30,2,89.10,0.2117,29.10,False,754,cad-p07-2065-9,
2026-09-27T11:17:05+00:00,ramp80_xs,30,2,90.00,0.2129,14.11,False,785,cad-p07-2065-9,
2026-09-27T11:17:12+00:00,ramp70_xs,30,2,89.99,0.2264,20.42,False,768,cad-p07-2065-9,
2026-09-27T11:17:13+00:00,ramp70_xs,15,2,78.26,0.1317,8.26,False,762,cad-p07-2065-9,
2026-09-27T11:17:21+00:00,ramp80_xs,15,2,90.00,0.2137,10.21,False,775,cad-p07-2065-9,
2026-09-27T11:17:22+00:00,ramp90_xs,15,2,89.97,0.2044,4.55,False,801,cad-p07-2065-9,
2026-09-27T11:18:12+00:00,twin_domes_xs,15,2,nan,nan,6.18,False,836,cad-p07-2065-9,
2026-09-27T11:22:55+00:00,ramp60_xs,7,2,60.00,0.0538,0.62,False,548,cad-p07-2065-9,
2026-09-27T11:25:13+00:00,tshape_xs,7,2,90.00,0.2095,1.51,False,468,cad-p07-2065-9,
2026-09-27T11:25:16+00:00,tshape_xs,30,2,90.00,0.2127,11.10,False,479,cad-p07-2065-9,
2026-09-27T11:25:17+00:00,tshape_xs,15,2,90.00,0.2123,4.55,False,480,cad-p07-2065-9,
2026-09-27T11:26:04+00:00,ramp50_xs,30,2,57.52,0.0403,7.54,False,534,cad-p07-2065-9,
2026-09-27T11:26:15+00:00,ramp60_xs,15,2,65.14,0.0789,5.14,False,721,cad-p07-2065-9,
2026-09-27T11:28:47+00:00,ramp50_xs,15,2,50.00,0.0290,0.63,False,698,cad-p07-2065-9,
2026-09-27T11:53:30+00:00,tshape_s,15,2,90.00,0.2436,5.09,False,3019,cad-p07-2065-9,
2026-09-27T12:03:19+00:00,ramp45_s,30,2,51.29,0.0289,6.30,False,3615,cad-p07-2065-9,
2026-09-27T12:09:07+00:00,ramp60_s,15,2,64.82,0.0486,4.82,False,3963,cad-p07-2065-9,
2026-09-27T12:10:09+00:00,ramp50_s,30,2,67.14,0.0852,17.14,False,4025,cad-p07-2065-9,
2026-09-27T12:13:51+00:00,ramp70_s,7,2,70.00,0.0980,0.69,False,4247,cad-p07-2065-9,
2026-09-27T12:14:24+00:00,ramp70_s,30,2,89.99,0.2715,20.64,False,4280,cad-p07-2065-9,
2026-09-27T12:16:19+00:00,ramp90_s,15,2,90.00,0.2455,4.26,False,4395,cad-p07-2065-9,
2026-09-28T06:11:08+00:00,ramp45_xs,15,2,45.00,0.0000,0.62,True,912,cad-p07-2065-9,
2026-09-28T06:23:04+00:00,ramp45_xs,30,2,50.92,0.0268,5.92,False,709,cad-p07-2065-9,
2026-09-28T06:23:54+00:00,ramp80_xs,7,2,83.56,0.1681,3.56,False,759,cad-p07-2065-9,
2026-09-28T06:24:04+00:00,ramp90_xs,7,2,89.98,0.1972,1.14,False,769,cad-p07-2065-9,
2026-09-28T06:24:21+00:00,ramp90_xs,30,2,89.98,0.1968,11.10,False,786,cad-p07-2065-9,
2026-09-28T06:25:11+00:00,twin_domes_xs,30,2,nan,nan,19.30,False,837,cad-p07-2065-9,
2026-09-28T06:25:17+00:00,twin_domes_xs,7,2,nan,nan,1.90,False,843,cad-p07-2065-9,
2026-09-28T07:13:58+00:00,ramp45_s,15,2,45.00,0.0015,0.77,True,3761,cad-p07-2065-9,
2026-09-28T07:14:45+00:00,ramp45_s,7,2,45.00,0.0008,0.69,True,3807,cad-p07-2065-9,
2026-09-28T07:26:37+00:00,ramp50_s,7,2,50.00,0.0429,0.69,False,3806,cad-p07-2065-9,
2026-09-28T07:28:06+00:00,ramp50_s,15,2,50.00,0.0444,0.77,False,3846,cad-p07-2065-9,
2026-09-28T07:29:04+00:00,ramp60_s,7,2,60.00,0.0525,0.69,False,3894,cad-p07-2065-9,
2026-09-28T07:33:35+00:00,ramp60_s,30,2,89.65,0.2664,29.65,False,4147,cad-p07-2065-9,
2026-09-28T07:37:06+00:00,ramp70_s,15,2,79.67,0.1710,9.68,False,4308,cad-p07-2065-9,
2026-09-28T07:38:47+00:00,ramp80_s,7,2,83.00,0.1772,3.00,False,4403,cad-p07-2065-9,
2026-09-28T08:08:40+00:00,tshape_s,7,2,90.00,0.2468,1.29,False,2371,cad-p07-2065-9,
2026-09-28T08:16:04+00:00,tshape_s,30,2,90.00,0.2463,10.20,False,2544,cad-p07-2065-9,
2026-09-28T08:18:34+00:00,ramp80_s,15,2,90.00,0.2613,10.21,False,3869,cad-p07-2065-9,
2026-09-28T08:21:12+00:00,ramp80_s,30,2,89.99,0.2479,14.61,False,3980,cad-p07-2065-9,
2026-09-28T08:25:22+00:00,twin_domes_s,7,2,nan,nan,2.55,False,2892,cad-p07-2065-9,
2026-09-28T08:27:00+00:00,twin_domes_s,15,2,nan,nan,8.65,False,2888,cad-p07-2065-9,
2026-09-28T08:33:10+00:00,ramp90_s,7,2,90.00,0.2487,1.00,False,3987,cad-p07-2065-9,
2026-09-28T08:35:20+00:00,ramp90_s,30,2,89.98,0.2563,11.86,False,4027,cad-p07-2065-9,
2026-09-28T08:54:38+00:00,twin_domes_s,30,2,nan,nan,22.96,False,2753,cad-p07-2065-9,
2026-10-01T06:20:41+00:00,tshape_xs,7,3,83.00,0.2109,7.00,False,799,cad-p07-2065-9,True
2026-10-01T07:23:38+00:00,ramp50_s,30,3,45.22,0.0182,15.04,False,3768,cad-p07-2065-9,True
2026-10-01T07:24:36+00:00,ramp60_s,30,3,44.66,0.0082,22.12,True,3825,cad-p07-2065-9,True
2026-10-01T07:25:47+00:00,ramp70_s,7,3,63.00,0.0351,7.00,False,3896,cad-p07-2065-9,True
2026-10-01T07:26:23+00:00,ramp70_s,30,3,44.27,0.0073,30.00,True,3932,cad-p07-2065-9,True
2026-10-01T07:29:06+00:00,ramp70_s,15,3,55.01,0.0441,15.00,False,4095,cad-p07-2065-9,True
2026-10-01T07:30:52+00:00,ramp80_s,7,3,73.02,0.1267,7.00,False,4201,cad-p07-2065-9,True
2026-10-01T07:34:26+00:00,ramp90_s,15,3,75.00,0.2401,15.00,False,4416,cad-p07-2065-9,True
2026-10-01T08:23:26+00:00,ramp80_s,30,3,50.04,0.0149,30.00,False,3523,cad-p07-2065-9,True
2026-10-01T08:24:04+00:00,ramp60_s,15,3,45.01,0.0140,15.00,False,3490,cad-p07-2065-9,True
2026-10-01T08:27:31+00:00,ramp60_s,7,3,53.36,0.0197,7.00,False,3662,cad-p07-2065-9,True
2026-10-01T08:30:07+00:00,ramp45_s,7,3,43.01,0.0004,2.00,True,3485,cad-p07-2065-9,True
2026-10-01T08:30:50+00:00,ramp50_s,15,3,45.22,0.0197,15.00,False,3592,cad-p07-2065-9,True
2026-10-01T08:32:17+00:00,ramp90_s,7,3,83.00,0.2352,7.00,False,4112,cad-p07-2065-9,True
2026-10-01T08:32:35+00:00,ramp50_s,7,3,45.30,0.0160,7.00,False,3482,cad-p07-2065-9,True
2026-10-01T08:33:17+00:00,ramp80_s,15,3,65.03,0.1216,15.00,False,3844,cad-p07-2065-9,True
2026-10-01T09:11:01+00:00,tshape_s,15,3,79.04,0.2390,15.00,False,2604,cad-p07-2065-9,True
2026-10-01T09:15:19+00:00,ramp45_xs,15,3,nan,0.0012,2.00,False,607,cad-p07-2065-9,True
2026-10-01T09:15:38+00:00,tshape_s,7,3,85.13,0.2386,7.00,False,2536,cad-p07-2065-9,True
2026-10-01T09:17:11+00:00,twin_domes_s,15,3,nan,nan,8.37,False,2776,cad-p07-2065-9,True
2026-10-01T09:18:37+00:00,twin_domes_s,7,3,nan,nan,2.47,False,2904,cad-p07-2065-9,True
2026-10-01T09:19:28+00:00,ramp45_xs,7,3,nan,0.0012,2.00,False,504,cad-p07-2065-9,True
2026-10-01T09:21:44+00:00,twin_domes_s,30,3,nan,nan,22.26,False,2963,cad-p07-2065-9,True
2026-10-01T09:22:49+00:00,ramp45_s,30,3,43.01,0.0006,2.00,True,3519,cad-p07-2065-9,True
2026-10-01T09:22:54+00:00,ramp45_s,15,3,43.01,0.0004,2.00,True,3562,cad-p07-2065-9,True
2026-10-01T09:28:20+00:00,twin_domes_xs,7,3,nan,nan,1.85,False,778,cad-p07-2065-9,True
2026-10-01T09:28:35+00:00,twin_domes_xs,30,3,nan,nan,18.60,False,774,cad-p07-2065-9,True
2026-10-01T09:29:45+00:00,ramp90_xs,15,3,75.00,0.1833,15.00,False,665,cad-p07-2065-9,True
2026-10-01T09:30:15+00:00,twin_domes_xs,15,3,nan,nan,5.94,False,781,cad-p07-2065-9,True
2026-10-01T09:32:19+00:00,ramp90_xs,7,3,83.00,0.1838,7.00,False,561,cad-p07-2065-9,True
2026-10-01T09:32:55+00:00,ramp80_xs,30,3,50.04,0.0201,30.00,False,668,cad-p07-2065-9,True
2026-10-01T09:33:42+00:00,ramp80_xs,15,3,65.02,0.0702,15.00,False,649,cad-p07-2065-9,True
2026-10-01T09:38:49+00:00,ramp60_xs,30,3,44.71,0.0173,22.06,False,533,cad-p07-2065-9,True
2026-10-01T09:38:58+00:00,ramp80_xs,7,3,73.01,0.1107,7.00,False,549,cad-p07-2065-9,True
2026-10-01T09:39:04+00:00,ramp70_xs,30,3,44.31,0.0132,30.00,False,640,cad-p07-2065-9,True
2026-10-01T09:39:26+00:00,ramp70_xs,15,3,55.01,0.0171,15.00,False,647,cad-p07-2065-9,True
2026-10-01T09:40:45+00:00,ramp60_xs,15,3,45.01,0.0088,15.00,False,627,cad-p07-2065-9,True
2026-10-01T09:42:50+00:00,ramp45_xs,30,3,nan,0.0018,2.00,False,627,cad-p07-2065-9,True
2026-10-01T09:43:05+00:00,ramp70_xs,7,3,63.01,0.0513,7.00,False,560,cad-p07-2065-9,True
2026-10-01T09:43:30+00:00,ramp50_xs,15,3,45.17,0.0164,15.00,False,631,cad-p07-2065-9,True
2026-10-01T09:46:55+00:00,tshape_xs,15,3,75.00,0.2040,15.00,False,446,cad-p07-2065-9,True
2026-10-01T09:47:29+00:00,ramp50_xs,7,3,45.17,0.0207,7.00,False,516,cad-p07-2065-9,True
2026-10-01T09:47:35+00:00,ramp60_xs,7,3,53.00,0.0237,7.00,False,514,cad-p07-2065-9,True
2026-10-01T09:47:38+00:00,ramp50_xs,30,3,45.17,0.0180,15.11,False,510,cad-p07-2065-9,True
2026-10-04T07:32:55+00:00,tshape_xs,15,4,76.78,0.1885,15.00,False,809,cad-p07-2065-9,True
2026-10-04T08:36:42+00:00,ramp70_s,30,4,48.27,0.0108,30.00,False,3815,cad-p07-2065-9,True
2026-10-04T08:41:04+00:00,ramp70_s,15,4,56.19,0.0383,15.00,False,4078,cad-p07-2065-9,True
2026-10-04T08:41:36+00:00,ramp80_s,15,4,70.62,0.1095,15.00,False,4110,cad-p07-2065-9,True
2026-10-04T08:42:08+00:00,ramp90_s,30,4,62.06,0.0459,30.00,False,4141,cad-p07-2065-9,True
2026-10-04T08:42:49+00:00,ramp80_s,7,4,76.79,0.1156,7.00,False,4182,cad-p07-2065-9,True
2026-10-04T08:45:08+00:00,ramp90_s,15,4,77.58,0.2122,15.00,False,4321,cad-p07-2065-9,True
2026-10-04T08:45:17+00:00,ramp70_s,7,4,63.64,0.0362,7.00,False,4331,cad-p07-2065-9,True
2026-10-04T08:47:26+00:00,ramp90_s,7,4,84.82,0.2346,7.00,False,4460,cad-p07-2065-9,True
2026-10-04T09:33:50+00:00,ramp60_s,30,4,45.71,0.0090,23.71,False,3419,cad-p07-2065-9,True
2026-10-04T09:37:29+00:00,ramp50_s,15,4,45.30,0.0132,15.00,False,3312,cad-p07-2065-9,True
2026-10-04T09:38:08+00:00,ramp50_s,30,4,45.30,0.0129,15.04,False,3415,cad-p07-2065-9,True
2026-10-04T09:39:44+00:00,ramp45_s,15,4,43.49,0.0012,2.00,True,3406,cad-p07-2065-9,True
2026-10-04T09:40:35+00:00,ramp60_s,7,4,53.34,0.0213,7.00,False,3530,cad-p07-2065-9,True
2026-10-04T09:44:24+00:00,ramp80_s,30,4,57.84,0.0245,30.00,False,3548,cad-p07-2065-9,True
2026-10-04T09:44:35+00:00,ramp45_s,30,4,43.49,0.0017,2.00,True,3548,cad-p07-2065-9,True
2026-10-04T09:48:51+00:00,ramp60_s,15,4,46.32,0.0149,15.00,False,3676,cad-p07-2065-9,True
2026-10-04T10:23:21+00:00,tshape_s,30,4,65.10,0.0697,30.00,False,2318,cad-p07-2065-9,True
2026-10-04T10:25:36+00:00,tshape_s,15,4,77.72,0.2285,15.00,False,2463,cad-p07-2065-9,True
2026-10-04T10:26:11+00:00,twin_domes_s,30,4,nan,nan,22.26,False,2876,cad-p07-2065-9,True
2026-10-04T10:26:54+00:00,twin_domes_s,7,4,nan,nan,2.47,False,2823,cad-p07-2065-9,True
2026-10-04T10:27:15+00:00,twin_domes_s,15,4,nan,nan,8.37,False,2793,cad-p07-2065-9,True
2026-10-04T10:28:25+00:00,ramp45_s,7,4,43.49,0.0021,2.00,True,3266,cad-p07-2065-9,True
2026-10-04T10:29:22+00:00,tshape_s,7,4,83.33,0.2374,7.00,False,2423,cad-p07-2065-9,True
2026-10-04T10:32:46+00:00,tshape_xs,7,4,83.90,0.2007,7.00,False,560,cad-p07-2065-9,True
2026-10-04T10:33:18+00:00,ramp50_s,7,4,45.30,0.0108,7.00,False,3340,cad-p07-2065-9,True
2026-10-04T10:36:35+00:00,ramp90_xs,30,4,64.97,0.0429,30.00,False,655,cad-p07-2065-9,True
2026-10-04T10:38:44+00:00,ramp90_xs,15,4,76.75,0.1732,15.00,False,557,cad-p07-2065-9,True
2026-10-04T10:39:08+00:00,twin_domes_xs,15,4,nan,nan,5.94,False,772,cad-p07-2065-9,True
2026-10-04T10:39:19+00:00,ramp80_xs,30,4,60.08,0.0323,30.00,False,649,cad-p07-2065-9,True
2026-10-04T10:39:46+00:00,twin_domes_xs,7,4,nan,nan,1.85,False,768,cad-p07-2065-9,True
2026-10-04T10:40:12+00:00,twin_domes_xs,30,4,nan,nan,18.60,False,772,cad-p07-2065-9,True
2026-10-04T10:41:52+00:00,ramp80_xs,15,4,69.57,0.0836,15.00,False,542,cad-p07-2065-9,True
2026-10-04T10:42:08+00:00,ramp70_xs,15,4,56.11,0.0195,15.00,False,526,cad-p07-2065-9,True
2026-10-04T10:45:20+00:00,ramp70_xs,30,4,48.13,0.0204,30.00,False,520,cad-p07-2065-9,True
2026-10-04T10:47:17+00:00,ramp50_xs,15,4,44.48,0.0455,14.58,False,509,cad-p07-2065-9,True
2026-10-04T10:48:09+00:00,ramp60_xs,15,4,46.57,0.0085,15.00,False,525,cad-p07-2065-9,True
2026-10-04T10:48:14+00:00,ramp45_xs,15,4,43.54,0.0006,2.00,True,503,cad-p07-2065-9,True
2026-10-04T10:49:42+00:00,ramp45_xs,30,4,43.54,0.0053,2.00,True,629,cad-p07-2065-9,True
2026-10-04T10:50:51+00:00,ramp70_xs,7,4,63.33,0.0434,7.00,False,534,cad-p07-2065-9,True
2026-10-04T10:51:15+00:00,ramp90_xs,7,4,83.66,0.1949,7.00,False,659,cad-p07-2065-9,True
2026-10-04T10:52:45+00:00,ramp80_xs,7,4,76.09,0.1259,7.00,False,631,cad-p07-2065-9,True
2026-10-04T10:54:12+00:00,ramp60_xs,30,4,45.36,0.0114,22.50,False,527,cad-p07-2065-9,True
2026-10-04T10:57:26+00:00,ramp50_xs,7,4,44.48,0.0360,7.00,False,604,cad-p07-2065-9,True
2026-10-04T10:58:23+00:00,ramp50_xs,30,4,44.48,0.0231,14.86,False,605,cad-p07-2065-9,True
2026-10-04T10:58:32+00:00,ramp60_xs,7,4,53.45,0.0206,7.00,False,618,cad-p07-2065-9,True
2026-10-04T10:59:49+00:00,ramp45_xs,7,4,43.54,0.0006,2.00,True,602,cad-p07-2065-9,True
2026-10-04T10:59:54+00:00,tshape_xs,30,4,63.59,0.0427,30.00,False,539,cad-p07-2065-9,True
